param, x, y
科目名, 31.860000610351562, 44.56060791015625
担当者, 31.860000610351562, 80.02056884765625
期別, 341.82000732421875, 50.68060302734375
曜日・時限, 458.46002197265625, 50.68060302734375